{
  "loginuser": [
    {
      "id": "fb7b",
      "username": "admin",
      "email": "admin@gmail.com",
      "password": "12345"
    }
  ],
  "Addjobform": [
    {
      "id": "c4b4",
      "companyname": "Tech Lab Bussiness ",
      "position": "Back-End",
      "category": "Back-End Developer",
      "type": "Full-Time",
      "novc": "1",
      "exp": "1",
      "posteddate": "2025-04-30",
      "lastdate": "2025-04-02",
      "closedate": "2025-05-05",
      "gender": "Male",
      "minsalary": "5000",
      "maxsalary": "10000",
      "jobtag": "HTML,CSS,React-JS,Node.js",
      "language": "English",
      "city": "New York ",
      "state": "New York",
      "country": "USA",
      "edu": "Graduated",
      "addjobdes": "xyz",
      "status": "Active"
    },
    {
      "id": "e89d",
      "companyname": "Tech Lab Bussiness ",
      "position": "UI/UX",
      "category": "UI/UX Designer",
      "type": "Full-Time",
      "novc": "1",
      "exp": "2",
      "posteddate": "2025-05-01",
      "lastdate": "2025-05-05",
      "closedate": "2025-06-02",
      "gender": "Male",
      "minsalary": "200",
      "maxsalary": "500",
      "jobtag": "Photoshop,Figma,illustrator",
      "language": "English",
      "city": "Rajkot",
      "state": "Gujrat",
      "country": "India",
      "edu": "Graduated",
      "addjobdes": "xyz",
      "status": "Active"
    },
    {
      "id": "b712",
      "companyname": "Tech Lab Bussiness ",
      "position": "Front-End",
      "category": "Front-End Developer",
      "type": "Full-Time",
      "novc": "2",
      "exp": "1",
      "posteddate": "2025-04-30",
      "lastdate": "2025-05-02",
      "closedate": "2025-04-05",
      "gender": "Male",
      "minsalary": "5000",
      "maxsalary": "10000",
      "jobtag": "HTML,CSS,JS,React-js,Node-js",
      "language": "English",
      "city": "New York ",
      "state": "New York",
      "country": "USA",
      "edu": "Graduated",
      "addjobdes": "xyz",
      "status": "Active"
    }
  ],
  "Applyjob": []
}